{"cameraMode":{"drawMode":0,"name":"Shaded","section":"Shading Mode"},"sceneLighting":false,"audioPlay":false,"sceneViewState":{"m_AlwaysRefresh":true,"showFog":true,"showSkybox":false,"showFlares":true,"showImageEffects":true,"showParticleSystems":true,"showVisualEffectGraphs":true,"m_FxEnabled":true},"in2DMode":false,"pivot":{"x":1.1100000143051148,"y":0.8999999761581421,"z":-1.9900000095367432},"rotation":{"x":0.15389126539230348,"y":-0.34029698371887209,"z":0.05655734986066818,"w":0.9259177446365356},"size":0.03278146684169769,"orthographic":false}